{"cameraMode":{"drawMode":0,"name":"Shaded","section":"Shading Mode"},"sceneLighting":true,"audioPlay":false,"sceneViewState":{"showFog":true,"showMaterialUpdate":false,"showSkybox":true,"showFlares":true,"showImageEffects":true,"showParticleSystems":true},"in2DMode":false,"pivot":{"x":1.4131320714950562,"y":1.0619438886642457,"z":-31.65665626525879},"rotation":{"x":-0.19336922466754914,"y":-0.4581025242805481,"z":0.10286613553762436,"w":-0.8615342974662781},"size":5.191303253173828,"orthographic":false}